track_id,origin,first_seen_s,last_seen_s,interested,interested_at_s,outcome,outcome_at_s,peak_interest_score,frames_scored,frames_above_threshold,longest_run_above_s,max_depth_into_store_norm,evidence
1,store,0.0,4.2,0,,-,,0.0,0,0,0.0,0.0,
3,walkway,0.0,0.0,0,,-,,0.747,1,0,0.0,0.0,
4,walkway,0.3,2.0,0,,-,,1.324,16,3,0.1,0.0,
6,store,0.7,10.3,0,,-,,0.0,0,0,0.0,0.0,
10,store,7.9,8.1,0,,-,,0.0,0,0,0.0,0.0,
12,store,17.7,23.3,0,,-,,0.0,0,0,0.0,0.0,
14,store,23.4,23.7,0,,-,,0.0,0,0,0.0,0.0,
17,walkway,27.4,33.5,0,,-,,1.883,49,2,0.0,0.0,
23,store,31.0,35.0,0,,-,,0.0,0,0,0.0,0.0,
30,walkway,41.3,41.3,0,,-,,1.031,1,0,0.0,0.0,
32,walkway,42.0,42.1,0,,-,,0.868,2,0,0.0,0.0,
34,walkway,42.4,42.9,0,,-,,1.362,3,1,0.0,0.0,
40,store,47.5,241.0,0,,-,,0.0,0,0,0.0,0.0,
41,walkway,51.5,57.5,0,,-,,1.397,56,6,0.2,0.0,
42,walkway,57.1,57.2,0,,-,,0.983,2,0,0.0,0.0,
43,walkway,57.8,57.8,0,,-,,0.987,1,0,0.0,0.0,
44,store,58.5,64.3,0,,-,,0.0,0,0,0.0,0.0,
48,walkway,68.0,73.4,0,,-,,1.118,55,0,0.0,0.0,
49,store,69.4,238.7,0,,-,,0.0,0,0,0.0,0.0,
54,walkway,86.3,86.6,0,,-,,0.818,2,0,0.0,0.0,
58,walkway,88.5,93.8,0,,-,,1.285,50,10,0.1,0.0,
59,walkway,88.9,89.1,0,,-,,1.026,3,0,0.0,0.0,
63,walkway,97.8,102.3,0,,-,,1.726,35,4,0.2,0.0,
64,store,100.5,101.1,0,,-,,0.0,0,0,0.0,0.0,
66,walkway,110.0,111.9,0,,-,,0.986,17,0,0.0,0.0,
68,walkway,110.7,115.8,0,,-,,1.052,31,0,0.0,0.0,
69,store,114.5,117.0,0,,-,,0.0,0,0,0.0,0.0,
70,walkway,120.0,125.2,0,,-,,1.388,41,1,0.0,0.0,
71,walkway,120.3,128.9,0,,-,,1.578,62,1,0.0,0.0,
72,walkway,127.8,133.0,0,,-,,1.337,46,6,0.0,0.0,
79,store,159.8,161.3,0,,-,,0.0,0,0,0.0,0.0,
81,walkway,167.9,167.9,0,,-,,0.847,1,0,0.0,0.0,
83,walkway,168.7,170.1,0,,-,,0.792,4,0,0.0,0.0,
88,store,170.5,180.0,0,,-,,0.0,0,0,0.0,0.0,
90,store,173.5,173.5,0,,-,,0.0,0,0,0.0,0.0,
93,store,180.4,183.5,0,,-,,0.0,0,0,0.0,0.0,
96,walkway,182.9,447.3,1,186.2,ENTERED,189.6,2.356,2631,21,1.4,1.056,facing=0.98 proximity=0.93 approach=0.17 slow=0.00
98,store,183.3,200.3,0,,-,,0.0,0,0,0.0,0.0,
100,walkway,183.4,374.2,0,,ENTERED_NO_PRIOR_INTEREST,187.3,2.522,1891,7,0.3,0.965,
101,store,184.5,187.3,0,,-,,0.0,0,0,0.0,0.0,
109,walkway,209.5,213.1,0,,-,,1.197,16,0,0.0,0.0,
113,store,227.7,230.8,0,,-,,0.0,0,0,0.0,0.0,
125,store,232.7,234.3,0,,-,,0.0,0,0,0.0,0.0,
126,walkway,234.7,249.3,1,241.9,PASSED_BY,249.3,1.618,125,8,2.0,0.0,proximity=0.74 slow=0.70 facing=0.60 approach=0.00
138,store,242.4,249.2,0,,-,,0.0,0,0,0.0,0.0,
139,store,243.5,306.9,0,,-,,0.0,0,0,0.0,0.0,
151,walkway,250.9,256.0,0,,-,,1.138,28,0,0.0,0.0,
152,store,251.2,251.4,0,,-,,0.0,0,0,0.0,0.0,
154,store,254.7,254.7,0,,-,,0.0,0,0,0.0,0.0,
158,store,266.4,286.4,0,,-,,0.0,0,0,0.0,0.0,
159,store,268.9,269.4,0,,-,,0.0,0,0,0.0,0.0,
163,walkway,273.7,277.2,0,,-,,1.24,25,1,0.0,0.0,
166,store,280.3,285.4,0,,-,,0.0,0,0,0.0,0.0,
169,walkway,282.1,286.7,0,,-,,1.719,42,2,0.0,0.0,
172,walkway,284.8,290.1,0,,-,,1.825,53,10,0.2,0.0,
181,store,290.8,302.6,0,,-,,0.0,0,0,0.0,0.0,
182,store,296.3,322.1,0,,-,,0.0,0,0,0.0,0.0,
188,store,318.4,447.3,0,,-,,0.0,0,0,0.0,0.0,
191,walkway,319.7,319.8,0,,-,,0.901,2,0,0.0,0.0,
194,walkway,320.3,323.3,0,,-,,2.107,20,2,0.0,0.0,
195,store,323.5,328.5,0,,-,,0.0,0,0,0.0,0.0,
199,walkway,326.6,330.3,1,329.2,PASSED_BY,330.3,1.718,28,6,0.1,0.0,approach=1.00 proximity=0.57 facing=0.38 slow=0.00
200,store,327.5,330.8,0,,-,,0.0,0,0,0.0,0.0,
201,walkway,329.7,334.4,1,333.3,PASSED_BY,334.4,1.864,42,10,0.3,0.0,proximity=0.85 approach=0.54 facing=0.30 slow=0.09
202,walkway,332.3,447.3,1,334.3,ENTERED,339.4,2.488,1151,18,1.5,1.254,proximity=0.97 slow=0.69 approach=0.34 facing=0.00
205,store,340.8,343.2,0,,-,,0.0,0,0,0.0,0.0,
206,store,347.1,347.4,0,,-,,0.0,0,0,0.0,0.0,
210,walkway,350.7,389.4,1,355.2,PASSED_BY,389.4,2.863,381,314,20.8,0.0,slow=0.96 facing=0.66 proximity=0.43 approach=0.00
213,store,385.1,393.1,0,,-,,0.0,0,0,0.0,0.0,
215,walkway,402.7,408.3,0,,-,,1.174,53,0,0.0,0.0,
222,store,405.6,407.8,0,,-,,0.0,0,0,0.0,0.0,
224,walkway,405.8,407.3,0,,-,,0.78,15,0,0.0,0.0,
228,store,413.4,426.9,0,,-,,0.0,0,0,0.0,0.0,
229,store,422.4,422.5,0,,-,,0.0,0,0,0.0,0.0,
235,walkway,427.4,428.3,0,,-,,0.967,8,0,0.0,0.0,
236,walkway,432.6,437.5,0,,-,,1.889,45,2,0.0,0.0,
241,walkway,440.1,444.1,0,,-,,1.803,35,3,0.2,0.0,
243,walkway,440.4,440.4,0,,-,,0.731,1,0,0.0,0.0,
246,walkway,440.8,447.3,0,,-,,1.177,61,0,0.0,0.0,
248,walkway,441.2,441.2,0,,-,,0.855,1,0,0.0,0.0,
250,walkway,442.4,443.9,0,,-,,1.674,15,5,0.1,0.0,
251,walkway,443.4,443.8,0,,-,,1.048,3,0,0.0,0.0,
253,store,443.8,447.3,0,,-,,0.0,0,0,0.0,0.0,
254,walkway,444.1,446.3,0,,-,,1.001,16,0,0.0,0.0,
255,store,446.3,447.3,0,,-,,0.0,0,0,0.0,0.0,
